Plan,Metal Level,OOPM,Deductible,Drug Deductible,Number of Claims,Visits,Category
11512NC0100028,Bronze,-1622.638,0,0,2,1,Rx Specialty
11512NC0100036,Silver,-3645.1212499999992,1655.94,0,9,3,Rx Specialty
11512NC0060024,Bronze,-1622.638,0,0,2,1,Rx Specialty
11512NC0060028,Silver,-3645.1212499999992,3155.9400000000005,0,9,3,Rx Specialty
